feature,ks_statistic,p_value,similar_distributions
Nb_of_items,0.004903843892655968,0.761609811307105,True
TOTAL_BASKET_VALUE,0.009868357437527286,0.05350349708624069,True
TOTAL_PRODUCTS,0.005690406788824154,0.5829531430788598,True
