outlier_type,count,percentage
Price_Outliers,4897,5.2775083521931245
Quantity_Outliers,5508,5.935984481086324
High_Items_Outliers,4562,4.916478068757409
