Train,Test
1.76447893091928,1.7748081731183722
1234.7595538312319,1249.133804638331
1.8538635628839315,1.8639537891197517
1.4622639911697355,1.4987111747858135
771.4841965225955,794.7020568553781
1.9814755762282799,1.883747224665384
